Query,Clicks,Impressions,CTR_Percent,Position
"window cleaning perth",5,1680,0.3,14.12
"solar panel cleaning perth",1,556,0.18,43.75
"commercial window cleaning perth",0,394,0,26.15
"window cleaners perth",0,381,0,26.18
"window cleaning service",0,353,0,6.29
"window cleaning services perth",0,302,0,22.73
"window cleaning near me",0,299,0,13.64
"perth window cleaning",0,254,0,21.11
"residential window cleaning perth",1,245,0.41,15.72
"window cleaning",2,243,0.82,13.56
"commercial window cleaners perth",0,224,0,26.13
"residential window cleaning",0,212,0,11.98
"pressure washing perth",0,204,0,54.38
"window cleaning doncaster",0,198,0,46.05
"window cleaning armadale",0,191,0,32.96
"window cleaning services",0,190,0,17.74
"window cleaner near me",0,184,0,11.05
"office window cleaning perth",0,181,0,20.57
"aspect window cleaning",48,176,27.27,1.77
"window cleaner perth",0,150,0,15.42
"window cleaners",0,145,0,26.33
"perth solar panel cleaning",0,138,0,51.07
"strata window cleaning perth",0,125,0,10.66
"curtain cleaning beechboro",0,125,0,46.68
"solar panel cleaning",0,123,0,87.47
"curtain cleaning rossmoyne",0,117,0,38.1
"window cleaning company",0,116,0,25.08
"window cleaner",1,113,0.88,2.35
"window cleaners near me",1,103,0.97,16.98
"pressure cleaning perth",0,103,0,56.91
"commercial window cleaning",0,101,0,1.13
"downpipe cleaning perth",0,98,0,28.9
"window cleaning west perth",0,89,0,26.35
"highrise window cleaning near me",0,88,0,4.7
"window cleaning fremantle",0,87,0,21.71
"clean solar panels perth",0,87,0,53.26
"gutter and window cleaning perth",0,85,0,31.2
"window cleaners doncaster",0,82,0,57.49
"curtain cleaning attadale",0,80,0,37.34
"window cleaning applecross",0,79,0,17.65
"aspectwindowcleaning.com.au",0,79,0,31.99
"highrise window cleaner near me",0,78,0,10.13
"driveway pressure cleaning perth",0,78,0,45.86
"roof gutter cleaning perth",0,75,0,51.97
"gutter and downpipe cleaning perth",0,70,0,45.31
"domestic window cleaners",0,69,0,27.07
"window cleaning kilsyth",0,68,0,29.87
"curtain cleaning balcatta",0,67,0,68.75
"window cleaning cottesloe",0,65,0,4.2
"commercial window cleaners near me",0,65,0,16.29
"gosnells solar panel cleaning",0,65,0,77.97
"window cleaning marion",0,61,0,39.08
"window cleaners kew",0,60,0,76.27
"window cleaning peppermint grove",0,58,0,14.26
"apex window cleaning",0,58,0,36.66
"driveway cleaning perth",0,58,0,51.14
"window cleaners nedland",0,57,0,1
"window cleaners armadale",0,57,0,46.25
"perth window cleaners",0,55,0,29.27
"window cleaning hampton",0,55,0,55.47
"gutter cleaning perth",0,52,0,56.44
"canning vale solar panel cleaning",0,51,0,62.59
"window cleaning joondalup",0,49,0,28.9
"willetton solar panel cleaning",0,49,0,72.78
"commercial window cleaning service near me",0,48,0,13.33
"solar panels sinagra",0,48,0,21.06
"highrise window cleaning fremantle",0,48,0,33.75
"window cleaning morley",0,48,0,42.75
"high rise window cleaning near me",0,46,0,5.76
"window cleaning nedlands",0,44,0,2.25
"house window cleaners",0,44,0,28.34
"attadale gutter repairs",0,43,0,24.28
"commercial window cleaning services near me",0,42,0,16.4
"body corporate window cleaning",0,42,0,85.19
"window cleaners nedlands",0,41,0,2.56
"high rise window cleaner near me",0,40,0,5.72
"perth window cleaning services",0,40,0,22.95
"commercial window cleaning morley",0,39,0,34.64
"residential window cleaning morley",0,36,0,29.39
"highrise window cleaner fremantle",0,36,0,40.11
"couch cleaning rossmoyne",0,36,0,55.31
"window cleaning subiaco",0,35,0,28.6
"window cleaning willetton",0,35,0,40.37
"curtain cleaning joondalup",0,35,0,46.86
"solar panels jandabup",0,34,0,30.41
"window cleaning ormond",0,30,0,68.63
"window cleaner fremantle",0,29,0,30.48
"commercial window cleaning ellenbrook",0,29,0,58.72
"gutter cleaning joondalup",0,28,0,26.93
"window cleaning ellenbrook",0,27,0,31.07
"balcatta glass balcatta wa",0,27,0,72.67
"window washing perth",0,26,0,23.19
"highrise window cleaning perth",0,24,0,8.12
"shop front window cleaning perth",0,24,0,22.21
"window cleaning victoria park",0,24,0,42.29
"window cleaning canning vale",0,24,0,49
"window cleaning fairfield",0,24,0,66.75
"high rise window cleaning fremantle",0,23,0,25.57
"window cleaning osborne park",0,23,0,26.57
"strata window cleaning",0,23,0,60.04
"commerical window cleaning",0,21,0,1
"affordable window cleaning beechboro",0,21,0,12.05
"window cleaning residential",0,21,0,18.14
"domestic window cleaning",0,21,0,30
"solar panels beechboro",0,21,0,30.86
"clean windows for homes beechboro",0,20,0,10.8
"window cleaning attadale",0,20,0,11.6
"jandakot gutter cleaning",0,20,0,16.35
"window cleaning dalkeith",0,20,0,18.35
"window cleaner in perth",0,20,0,22.6
"window cleaning como",0,20,0,37.15
"curtain cleaning atwell",0,20,0,53.65
"window cleaning burnley",0,20,0,66.3
"gutter cleaning fremantle",0,19,0,32.47
"solar panel cleaning services perth",0,19,0,48.95
"window cleaning claremont",0,18,0,1.06
"drone window cleaning fremantle",0,18,0,17.61
"drone window cleaning near me",0,18,0,19.39
"industrial window cleaning perth",0,18,0,37
"curtain cleaning north fremantle",0,18,0,48.39
"best window cleaner near me beechboro",0,17,0,11.94
"window cleaning services east fremantle",0,17,0,16.29
"residential window cleaning ellenbrook",0,17,0,33.29
"solar panels cullacabardee",0,17,0,77.12
"book residential window cleaner beechboro",0,16,0,10.06
"window cleaning perth northern suburbs",0,16,0,19.25
"windows cleaning in perth",0,16,0,20.25
"apartment window cleaning bassandean",0,16,0,25.19
"window cleaners perth wa",0,16,0,28.06
"high rise window cleaner fremantle",0,16,0,36.94
"curtain cleaning alexander heights",0,16,0,38.62
"curtain cleaning tamala park",0,16,0,65.81
"drone window cleaner near me",0,15,0,2.67
"domestic window cleaning service beechboro",0,15,0,15.4
"book window cleaning beechboro",0,15,0,16.2
"thornlie solar panel cleaning",0,15,0,23.93
"curtain cleaning karrakup",0,15,0,27.47
"roof cleaning joondalup",0,15,0,33.13
"house washing joondalup",0,15,0,33.73
"curtain cleaning merriwa",0,15,0,57.07
"curtain cleaning kwinana beach",0,15,0,71.07
"aspect",0,14,0,5.79
"domestic window cleaning beechboro",0,14,0,8.21
"solar panels currambine",0,14,0,31.64
"window cleaner canning vale",0,14,0,57.14
"exterior window cleaning beechboro",0,13,0,12.54
"cheap window cleaning beechboro",0,13,0,14.69
"commercial window cleaning service perth",0,13,0,17.77
"pressure washing port kennedy",0,13,0,18
"apartment window cleaning beechboro",0,13,0,18.31
"perth window cleaner",0,13,0,27.31
"highrise window cleaner perth",0,13,0,28.54
"window cleaning midland",0,13,0,28.92
"window washer perth",0,13,0,31.15
"house washing nedlands",0,13,0,34.85
"high rise window cleaning perth",0,13,0,35.08
"couch cleaning attadale",0,13,0,62.08
"window cleaning howden",0,13,0,71.23
"highrise window cleaning",0,12,0,1
"gutter cleaning attadale",0,12,0,8.08
"best window cleaners beechboro",0,12,0,16.5
"window cleaning ascot",0,12,0,18.25
"window cleaning north fremantle",0,12,0,18.67
"professional window cleaning perth",0,12,0,20.75
"drone window cleaner fremantle",0,12,0,30
"roof cleaning fremantle",0,12,0,49.17
"expert window cleaning",0,12,0,75.17
"window cleaning in perth",1,11,9.09,22.64
"window cleaning services commercial",0,11,0,1.09
"highrise drone window cleaning near me",0,11,0,10.55
"apartment window cleaning bennett springs",0,11,0,17.64
"window cleaning perth wa",0,11,0,18.82
"window washers perth",0,11,0,23
"curtain cleaning neerabup",0,11,0,43.55
"curtain cleaning kwinana town centre",0,11,0,50.73
"window cleaners eltham",0,11,0,61.18
"curtain cleaning ascot",0,11,0,83
"high rise window cleaning",0,10,0,1
"glass cleaner",0,10,0,5.5
"window and house cleaning",0,10,0,15.1
"solar panels watermans bay",0,10,0,15.5
"domestic window cleaning perth",0,10,0,21.3
"window cleaning mosman park",0,10,0,28.2
"pressure cleaning perth southern suburbs",0,10,0,43.7
"curtain cleaning padbury",0,10,0,50.4
"window washers near me",0,10,0,56.9
"window cleaner blackburn",0,10,0,61.9
"window cleaning blackburn",0,10,0,77.5
"window cleaning notting hill",0,10,0,86.2
"professional window cleaning",0,9,0,2.11
"aspect cleaning",0,9,0,6.44
"facade cleaning perth",0,9,0,27.33
"window cleaning bicton",0,9,0,28.78
"highrise drone window cleaner perth",0,8,0,1
"affordable house cleaning beechboro",0,8,0,13.62
"best window cleaners bennett springs",0,8,0,17
"house washing fremantle",0,8,0,17.5
"window cleaning mundaring",0,8,0,22
"curtain cleaning nedlands",0,8,0,26.12
"domestic window cleaning bennett springs",0,8,0,26.62
"gutter cleaning nedlands",0,8,0,35
"exterior cleaning perth",0,8,0,36.25
"curtain cleaning seville grove",0,8,0,38
"roof cleaning nedlands",0,8,0,39.38
"highrise drone window cleaner fremantle",0,8,0,45
"window cleaning black rock",0,8,0,49.62
"power washing perth",0,8,0,50.75
"commercial window cleaning near me",0,8,0,55.62
"pressure cleaning perth wa",0,8,0,61.38
"curtain cleaning kwinana",0,8,0,66.25
"solar panel wash",0,8,0,87.25
"aspect cleaning services",0,7,0,6.29
"best window cleaners perth",0,7,0,13.57
"affordable window cleaning",0,7,0,16.86
"exterior window cleaning bennett springs",0,7,0,19
"domestic window cleaning service bennett springs",0,7,0,28.29
"window cleaning st george",0,7,0,33.71
"window cleaning east fremantle",0,7,0,34.29
"window cleaning cannington",0,7,0,36.14
"high rise cleaners perth",0,7,0,41.86
"perth residential pressure cleaning",0,7,0,48.57
"perth pressure washing",0,7,0,54.86
"perth gutter cleaning",0,7,0,55.57
"commercial window cleaning company near me",0,7,0,69.86
"house washing cottesloe",0,6,0,1
"window cleaning service near me",0,6,0,7.83
"window cleaning services fremantle",0,6,0,13.33
"window cleaning wa",0,6,0,24.17
"construction window clean perth",0,6,0,37.83
"swift window cleaning",0,6,0,42.5
"window cleaning services kenwick wa",0,6,0,46
"high rise drone window cleaning fremantle",0,6,0,46.83
"solar panel cleaners perth",0,6,0,53.67
"home window cleaners",0,6,0,56.83
"strata cleaning perth",0,6,0,61.5
"dry ice blasting and cleaning beechboro",0,6,0,75.33
"curtain cleaning green fields",0,5,0,13.2
"clean windows for homes bennett springs",0,5,0,19.8
"fly screen cleaning perth",0,5,0,19.8
"seville grove solar panel cleaning",0,5,0,21.2
"fremantle pressure cleaning",0,5,0,22.8
"window cleaners fremantle",0,5,0,26
"window cleaning kalamunda",0,5,0,26.8
"window cleaning dunsborough",0,5,0,29
"ocean window cleaning",0,5,0,37
"high rise drone window cleaner fremantle",0,5,0,38.4
"exterior window cleaning",0,5,0,45.4
"painting residential window cleaning",0,5,0,45.4
"driveway high pressure cleaning perth",0,5,0,46.4
"solar panel cleaning service perth",0,5,0,47.2
"window cleaning city beach",0,5,0,48
"curtain cleaning bassendean",0,5,0,49.4
"gutter cleaning beaconsfield",0,5,0,60
"perth pressure cleaning",0,5,0,61.8
"fire remediation bailup",0,5,0,69.6
"residential exterior window cleaning",0,5,0,75.4
"solar cleaning",0,5,0,93.2
"window cleaning bedford park",0,5,0,93.2
"dianella window cleaner",0,4,0,3
"affordable window cleaning dianella",0,4,0,15.25
"affordable weekly cleaning beechboro",0,4,0,19
"cheap window cleaning perth",0,4,0,20.25
"cheap window cleaning dianella",0,4,0,21
"seville grove gutter cleaning",0,4,0,21
"window cleaning quote perth",0,4,0,22.25
"pressure cleaning port kennedy",0,4,0,23.75
"window cleaning floreat",0,4,0,25.25
"best window cleaner near me bennett springs",0,4,0,26.5
"affordable window cleaning bassandean",0,4,0,31
"window cleaning perth prices",0,4,0,32.75
"residential window cleaning near me",0,4,0,36.75
"all glass cleaning",0,4,0,37.5
"book residential window cleaner dianella",0,4,0,38
"affordable window cleaning bennett springs",0,4,0,38.5
"gutter cleaning east fremantle",0,4,0,40.25
"render cleaning perth",0,4,0,40.25
"window cleaners residential",0,4,0,45
"driveway pressure washing services perth",0,4,0,46.5
"coates window cleaning",0,4,0,52
"curtain cleaning cockburn central",0,4,0,55.75
"same day pressure cleaning perth",0,4,0,55.75
"curtain cleaning wellard",0,4,0,60.75
"blinds cleaning beaconsfield",0,4,0,61.25
"corporate window cleaning",0,4,0,63.25
"window cleaning mentone",0,4,0,63.5
"window cleaning residential near me",0,4,0,66
"fire remediation banjup",0,4,0,70.5
"window cleaning seaford",0,4,0,72
"house washing ascot",0,4,0,72.25
"window cleaning montrose",0,4,0,81.75
"window and solar panel cleaning near me",0,3,0,1
"car window cleaner",0,3,0,2.67
"reliable window cleaning perth",0,3,0,8.67
"pvc cleaning services",0,3,0,9
"house window cleaning",0,3,0,9.67
"window cleaners wa",0,3,0,13
"high rise drone window cleaning near me",0,3,0,15.67
"baldivis window cleaning",0,3,0,16.67
"affordable residential cleaning dianella",0,3,0,18.67
"windows cleaning near me",0,3,0,20
"window.cleaners near me",0,3,0,22
"professional window washers near me",0,3,0,23.33
"fascia cleaning",0,3,0,25.67
"domestic window cleaning dianella",0,3,0,26
"pbs window cleaning perth",0,3,0,27.67
"window cleaners in perth",0,3,0,29.33
"window cleaning sorrento",0,3,0,33
"window cleaning south perth",0,3,0,36
"inurl:blog hidden costs in gutter cleaning prices -filetype:pdf",0,3,0,37
"exterior window cleaning dianella",0,3,0,37.33
"window cleaner doncaster",0,3,0,38.33
"window cleaning experts",0,3,0,39.33
"window cleaning albany",0,3,0,40.33
"solar panels gnangara",0,3,0,42.33
"window cleaning melville",0,3,0,45
"deck high pressure washing perth",0,3,0,45.67
"drone window cleaning perth",0,3,0,45.67
"patio pressure cleaning perth",0,3,0,48
"pure water window cleaning",0,3,0,50
"window cleaner website",0,3,0,50
"apartment window cleaning dianella",0,3,0,53
"window cleaning inside and out",0,3,0,53.33
"professional pressure washing perth wa",0,3,0,55.67
"pressure cleaning near me perth",0,3,0,57.33
"window cleaning patterson lakes",0,3,0,57.33
"professional residential window cleaning",0,3,0,58.33
"builders clean windows perth",0,3,0,60
"couch cleaning beechboro",0,3,0,73.33
"drone window cleaner canning vale",0,3,0,75.67
"window cleaning seabrook",0,3,0,84.33
"fire remediation balcatta",0,3,0,87.67
"solar pannel cleaning",0,3,0,94
"aspect windows",1,2,50,1
"facade cleaning",0,2,0,1
"gutter cleaning near me",0,2,0,1
"highrise window cleaner",0,2,0,1
"window and pressure cleaning",0,2,0,1
"window cleaners near me prices",0,2,0,1
"window washing",0,2,0,1
"no streak window cleaning",0,2,0,1.5
"window washer",0,2,0,1.5
"aspects windows",0,2,0,2
"window cleaner auto",0,2,0,3.5
"premier window cleaning",0,2,0,4.5
"window cleaner and gutter cleaning near me",0,2,0,4.5
"windows",0,2,0,5.5
"best window cleaning",0,2,0,6
"unit and apartment window cleaning perth",0,2,0,6
"window cleaning whitby",0,2,0,6
"window cleaning darlington",0,2,0,10
"best window cleaner",0,2,0,12
"domestic window cleaning service dianella",0,2,0,15
"all glass cleaning reviews",0,2,0,15.5
"galeforce window cleaning",0,2,0,15.5
"gutter cleaning ascot",0,2,0,17.5
"window cleaning services near me",0,2,0,17.5
"a1 window cleaning",0,2,0,18
"soft washing fremantle",0,2,0,18
"window cleaning ballajura",0,2,0,18.5
"local window cleaners near me",0,2,0,19
"glass cleaning company near me",0,2,0,20.5
"highrise drone window cleaner near me",0,2,0,20.5
"window cleaning shenton park",0,2,0,20.5
"windows cleaners near me",0,2,0,20.5
"eco friendly pressure cleaning perth",0,2,0,21
"window cleaner service near me",0,2,0,22
"office window cleaning",0,2,0,23.5
"glass cleaners near me",0,2,0,24
"windows cleaning services",0,2,0,24.5
"best window cleaners dianella",0,2,0,25.5
"window cleaners in my area",0,2,0,25.5
"home window cleaning service",0,2,0,26
"clean windows for homes dianella",0,2,0,27.5
"window cleaning daglish",0,2,0,28.5
"inside and out window cleaning",0,2,0,29.5
"inside window cleaning noranda",0,2,0,30.5
"all aspects cleaning",0,2,0,31
"complete window care",0,2,0,32.5
"thistle window cleaning",0,2,0,33
"affordable window cleaning noranda",0,2,0,36.5
"house window cleaning noranda",0,2,0,37
"outside window cleaning noranda",0,2,0,39.5
"professional window cleaning noranda",0,2,0,39.5
"window washing near me",0,2,0,40.5
"cheap window cleaning malaga",0,2,0,41
"solar panel cleaning cost perth",0,2,0,41.5
"glass cleaning company",0,2,0,43
"external window cleaning services",0,2,0,44.5
"hire window cleaners noranda",0,2,0,46.5
"patio pressure washing services perth",0,2,0,46.5
"lighthouse window cleaning",0,2,0,49.5
"emergency exterior window cleaning near me",0,2,0,50
"curtain cleaning mandogalup",0,2,0,52
"curtain cleaning quinns rocks",0,2,0,53
"gutter cleaning applecross",0,2,0,53.5
"active window cleaning",0,2,0,56
"highrise drone window cleaning fremantle",0,2,0,56.5
"window cleaners near me noranda",0,2,0,58
"window cleaning mayfield",0,2,0,58
"perth patio pressure cleaning",0,2,0,59
"book window cleaning malaga",0,2,0,65.5
"drone window cleaning canning vale",0,2,0,66
"water pressure cleaning perth",0,2,0,67
"high pressure washing perth",0,2,0,68
"apartment window cleaning malaga",0,2,0,68.5
"residential window cleaning contractor",0,2,0,70.5
"drone window cleaner bayswater",0,2,0,72.5
"best window cleaning company near me",0,2,0,73
"cleaning commercial window",0,2,0,73
"residential solar panel cleaning",0,2,0,76
"pressure washing",0,2,0,78
"couch cleaning atwell",0,2,0,79
"facade and window cleaning waterloo",0,2,0,81.5
"curtain cleaning murdoch",0,2,0,84
"curtain cleaning byford",0,2,0,90.5
"best window cleaners near me",0,1,0,1
"cheap window cleaner",0,1,0,1
"domestic window cleaners near me",0,1,0,1
"high rise window cleaner",0,1,0,1
"local window cleaner near me",0,1,0,1
"no streaking window cleaning",0,1,0,1
"professional window cleaning residential",0,1,0,1
"residential window cleaners near me",0,1,0,1
"the best window cleaning",0,1,0,1
"waterless window cleaning",0,1,0,1
"widow cleaning",0,1,0,1
"window and gutter cleaning near me",0,1,0,1
"window cleaner crawley",0,1,0,1
"window cleaner nearby",0,1,0,1
"window cleaner surrey",0,1,0,1
"glass cleaning",0,1,0,2
"window clean",0,1,0,2
"aspect windows reviews",0,1,0,3
"best residential cleaners",0,1,0,3
"wellington window cleaning",0,1,0,3
"renovation auction",0,1,0,4
"same day window cleaning",0,1,0,4
"window washing outside",0,1,0,4
"cleaning eaves",0,1,0,5
"window cleaning riverside",0,1,0,5
"wndow cleaning",0,1,0,5
"automated window cleaner",0,1,0,6
"best glass cleaner",0,1,0,7
"window cleaning near me prices",0,1,0,7
"window track cleaning",0,1,0,7
"window washers in my area",0,1,0,7
"window washing cleaner",0,1,0,7
"downspout",0,1,0,8
"interior and exterior window cleaning",0,1,0,8
"professional window cleaners near me",0,1,0,8
"window washing services near me",0,1,0,8
"alex window cleaning",0,1,0,9
"window cleaning beckenham",0,1,0,9
"window cleaning brookfield",0,1,0,9
"window cleaning edgewater",0,1,0,9
"best window cleaners",0,1,0,10
"book residential window cleaner bennett springs",0,1,0,10
"solar panel cleaning safety",0,1,0,10
"window cleaners nesr me",0,1,0,10
"window cleaning commercial",0,1,0,10
"curtain cleaning glen forrest",0,1,0,11
"window cleaners brentwood",0,1,0,11
"window cleaning devices",0,1,0,11
"window cleaning near me guildford",0,1,0,11
"best window cleaning service near me",0,1,0,12
"commercial high rise window cleaning",0,1,0,12
"gutter cleaning butler",0,1,0,12
"person cleaning windows",0,1,0,12
"window cleaning stirling",0,1,0,12
"window steam cleaner",0,1,0,12
"domestic window cleaning near me",0,1,0,13
"eavestrough near me",0,1,0,13
"reliable window cleaners near me guildford",0,1,0,13
"window cleaner lichfield",0,1,0,13
"window track steam cleaner",0,1,0,13
"glass cleaning machine",0,1,0,14
"gutter cleaning bassendean",0,1,0,15
"window cleaning companies",0,1,0,15
"soft washing dawesville",0,1,0,16
"commercial window cleaning company",0,1,0,17
"house window cleaner near me guildford",0,1,0,17
"professional window cleaner near me guildford",0,1,0,17
"best window cleaners noranda",0,1,0,18
"curtain cleaning watermans bay",0,1,0,18
"inurl:blog how to clean gutters yourself safely -filetype:pdf",0,1,0,18
"water well screen cleaning",0,1,0,18
"what cleans glass the best",0,1,0,18
"window.cleaners",0,1,0,18
"book window cleaning dianella",0,1,0,19
"residential window cleaner near me guildford",0,1,0,19
"ultimate window cleaning",0,1,0,19
"bibra lake blind cleaning",0,1,0,20
"cheap window cleaning bennett springs",0,1,0,20
"exterior window cleaning noranda",0,1,0,21
"pressure cleaning near me",0,1,0,21
"professional window cleaners",0,1,0,21
"window cleaning petone",0,1,0,21
"rope access window cleaning perth",0,1,0,22
"strata cleaning fremantle",0,1,0,23
"window cleaning review",0,1,0,23
"solar panel cleaners",0,1,0,24
"window cleaning services applecross",0,1,0,24
"retail window cleaning",0,1,0,25
"window cleaning services melville",0,1,0,25
"window cleaning services mosman park",0,1,0,25
"best window cleaners malaga",0,1,0,26
"interior window cleaning noranda",0,1,0,26
"local window cleaners",0,1,0,26
"window cleaning services attadale",0,1,0,26
"residential window cleaning service guildford",0,1,0,27
"window cleaning company near me guildford",0,1,0,27
"best window cleaner near me guildford",0,1,0,28
"solar panels madeley",0,1,0,28
"window cleaners perth scotland",0,1,0,28
"commercial window cleaning services",0,1,0,29
"residential window cleaning guildford",0,1,0,29
"window cleaning cost perth",0,1,0,29
"interior and exterior window cleaning service guildford",0,1,0,30
"window cleaner eltham",0,1,0,30
"gibbos window cleaning",0,1,0,31
"residential window cleaners",0,1,0,31
"window cleaner bayswater",0,1,0,31
"curtain cleaning mardella",0,1,0,32
"commercial window cleaning companies",0,1,0,33
"gutter cleaning baldivis",0,1,0,33
"reliable window cleaners noranda",0,1,0,33
"trusted window cleaners near me guildford",0,1,0,33
"window cleaning services bicton",0,1,0,33
"inside window cleaning guildford",0,1,0,34
"elite window cleaning perth",0,1,0,35
"view window cleaning",0,1,0,35
"window cleaner albany",0,1,0,35
"window cleaning noranda",0,1,0,35
"window cleaning services guildford",0,1,0,35
"best window cleaner near me dianella",0,1,0,36
"win cleaning",0,1,0,36
"window cleaners south perth",0,1,0,36
"window cleaning quote noranda",0,1,0,36
"best window cleaners floreat",0,1,0,37
"window cleaning services north fremantle",0,1,0,37
"inurl:blog hidden fees in gutter cleaning cost -filetype:pdf",0,1,0,38
"inurl:blog how to clean gutters yourself with minimal mess -filetype:pdf",0,1,0,38
"streak free window cleaning for perth homes guildford",0,1,0,38
"window cleaning services noranda",0,1,0,38
"curtain cleaning jandabup",0,1,0,39
"da window cleaning",0,1,0,39
"window cleaner noranda",0,1,0,39
"window washing noranda",0,1,0,39
"interior and exterior window cleaning guildford",0,1,0,40
"window washing services guildford",0,1,0,40
"exterior window cleaning malaga",0,1,0,42
"local window cleaners noranda",0,1,0,42
"professional window cleaners noranda",0,1,0,42
"radiant window cleaning",0,1,0,42
"ascot window cleaners",0,1,0,43
"clear glass window cleaning",0,1,0,43
"house washing dalkeith",0,1,0,43
"glass cleaning noranda",0,1,0,44
"window cleaners noranda",0,1,0,44
"window cleaning near me noranda",0,1,0,44
"a plus window cleaning",0,1,0,45
"affordable window cleaning malaga",0,1,0,45
"curtain cleaning palmyra",0,1,0,45
"shop window cleaning near me",0,1,0,45
"window cleaning eltham",0,1,0,45
"window cleaning mount lawley",0,1,0,45
"book window cleaning noranda",0,1,0,46
"hire window cleaner noranda",0,1,0,46
"window cleaners seaford",0,1,0,46
"residential pressure cleaning perth",0,1,0,48
"perth driveway pressure cleaning",0,1,0,49
"commercial window washing near me",0,1,0,50
"home window cleaning noranda",0,1,0,50
"detail window cleaning",0,1,0,51
"window cleaning evanston",0,1,0,51
"pane in the glass window cleaning",0,1,0,52
"patio pressure washing perth",0,1,0,52
"highrise drone window cleaning perth",0,1,0,53
"curtain cleaning parmelia",0,1,0,55
"domestic window cleaning malaga",0,1,0,55
"gutter cleaning duncraig",0,1,0,56
"as window cleaning",0,1,0,57
"curtain cleaning ballajura",0,1,0,58
"patio cleaning perth",0,1,0,58
"gutter cleaning service perth",0,1,0,59
"builders clean perth",0,1,0,60
"fish window cleaning",0,1,0,60
"solar panel cleaning beaconsfield",0,1,0,60
"gutter cleaning morley",0,1,0,61
"gutter clean perth",0,1,0,63
"curtain cleaning dayton",0,1,0,64
"solar panel wash service",0,1,0,64
"cleaning window services",0,1,0,65
"hot water pressure cleaning perth",0,1,0,65
"hunter window cleaning",0,1,0,66
"vision window cleaning",0,1,0,66
"window cleaning collingwood",0,1,0,67
"window repair welshpool",0,1,0,67
"professional window cleaning company",0,1,0,68
"residential window washing service",0,1,0,68
"commercial window washing service",0,1,0,69
"ace window cleaning",0,1,0,71
"commercial window cleaning hard water stain removal",0,1,0,71
"aspect solutions esperance",0,1,0,72
"balcatta glass perth",0,1,0,72
"perfect window cleaning",0,1,0,73
"residential window washers near me",0,1,0,73
"roof cleaning ascot",0,1,0,73
"window cleaning kew",0,1,0,73
"solar panel cleaning western suburbs",0,1,0,74
"residential window cleaning companies",0,1,0,76
"uptown window cleaning",0,1,0,76
"window and solar panel cleaning",0,1,0,77
"window cleaning source",0,1,0,77
"exposed aggregate cleaning perth",0,1,0,80
"gutter cleaning kingsley",0,1,0,80
"panel cleaning",0,1,0,80
"roof window cleaning",0,1,0,80
"gutter cleaners perth",0,1,0,81
"atlantic window cleaning",0,1,0,83
"cleaning commercial window cleaning",0,1,0,83
"high rise drone window cleaning canning vale",0,1,0,83
"pressure washing windows",0,1,0,83
"window wash near me",0,1,0,83
"external window cleaning",0,1,0,86
"highrise window cleaner bayswater",0,1,0,86
"residential window cleaning services",0,1,0,86
"streakless window cleaning",0,1,0,86
"cromwell cleaning",0,1,0,89
"urgent abseiling window cleaning near me",0,1,0,89
"couch cleaning padbury",0,1,0,92
"salt damage treatment nedlands",0,1,0,93
"window cleaning granton",0,1,0,97
"southern river gutter cleaning",0,1,0,98
"window cleaning sydenham",0,1,0,99